,Class 0,Class 1,accuracy,macro avg,weighted avg
precision,0.49409780775716694,0.47911547911547914,0.488,0.48660664343632304,0.4866815550795314
recall,0.5801980198019802,0.3939393939393939,0.488,0.48706870687068704,0.488
f1-score,0.5336976320582878,0.43237250554323725,0.488,0.4830350688007625,0.4835416944333377
support,505.0,495.0,0.488,1000.0,1000.0
