,Class 0,Class 1,accuracy,macro avg,weighted avg
precision,0.4921875,0.48155737704918034,0.487,0.48687243852459017,0.48692558913934425
recall,0.499009900990099,0.47474747474747475,0.487,0.48687868786878685,0.487
f1-score,0.49557522123893805,0.47812817904374366,0.487,0.4868517001413408,0.48693893535231686
support,505.0,495.0,0.487,1000.0,1000.0
