,Class 0,Class 1,accuracy,macro avg,weighted avg
precision,0.5,0.4922360248447205,0.495,0.49611801242236025,0.4961568322981367
recall,0.35247524752475246,0.6404040404040404,0.495,0.49643964396439644,0.495
f1-score,0.413472706155633,0.5566286215978928,0.495,0.4850506638767629,0.4843348842995516
support,505.0,495.0,0.495,1000.0,1000.0
