,Class 0,Class 1,accuracy,macro avg,weighted avg
precision,0.5063613231552163,0.4958813838550247,0.5,0.5011213535051205,0.5011737532016215
recall,0.3940594059405941,0.6080808080808081,0.5,0.5010701070107011,0.5
f1-score,0.44320712694877507,0.5462794918330308,0.5,0.49474330939090294,0.4942279475664817
support,505.0,495.0,0.5,1000.0,1000.0
