,Class 0,Class 1,accuracy,macro avg,weighted avg
precision,0.5231788079470199,0.49823321554770317,0.502,0.5107060117473615,0.5108307397093581
recall,0.15643564356435644,0.8545454545454545,0.502,0.5054905490549054,0.502
f1-score,0.24085365853658536,0.6294642857142857,0.502,0.43515897212543553,0.43321591898954703
support,505.0,495.0,0.502,1000.0,1000.0
