,Class 0,Class 1,accuracy,macro avg,weighted avg
precision,0.5355191256830601,0.5018359853121175,0.508,0.5186775554975889,0.5188459711994435
recall,0.19405940594059407,0.8282828282828283,0.508,0.5111711171117111,0.508
f1-score,0.28488372093023256,0.625,0.508,0.4549418604651163,0.4532412790697674
support,505.0,495.0,0.508,1000.0,1000.0
